{
  "context_precision": 0.0,
  "context_recall": 0.0,
  "faithfulness": 0.5002005012531329,
  "answer_relevancy": 0.5097304506025516
}