{
  "context_precision": 0.05964912280105264,
  "context_recall": 0.090625,
  "faithfulness": 0.3836647016970565,
  "answer_relevancy": 0.4609997273431686
}