{
  "faithfulness": 0.3760889746016554,
  "answer_relevancy": 0.4137431200000076
}