{
  "context_precision": 0.03464052287235294,
  "context_recall": 0.045098039215686274,
  "faithfulness": 0.3665943272003275,
  "answer_relevancy": 0.4328676159659257
}