{
  "faithfulness": 0.3683662213220009,
  "answer_relevancy": 0.4436918287791719
}