{
  "context_precision": 0.03137254901647059,
  "context_recall": 0.045098039215686274,
  "faithfulness": 0.37743003508813844,
  "answer_relevancy": 0.4482530038032337
}